{
  "feature_names": [
    "MQ2",
    "MQ3",
    "MQ5",
    "MQ6",
    "MQ7",
    "MQ8",
    "MQ135"
  ],
  "means": [
    425.44859531249995,
    216.4248375,
    219.40239843749998,
    188.701296875,
    31.308503125,
    374.033503125,
    164.9446375
  ],
  "stds": [
    321.29054416121926,
    142.13548262257308,
    109.3677692575865,
    87.00437872687212,
    26.70354167111347,
    231.41800933771128,
    108.41901323539118
  ],
  "n_features": 7
}