{
  "fused_accuracy": 0.9234375,
  "single_modality": {
    "MQ2": 0.63125,
    "MQ3": 0.559375,
    "MQ5": 0.52265625,
    "MQ6": 0.49609375,
    "MQ7": 0.56953125,
    "MQ8": 0.53125,
    "MQ135": 0.5828125
  },
  "n_classes": 4,
  "n_features": 7,
  "n_train": 5120,
  "n_test": 1280,
  "sensor_columns": [
    "MQ2",
    "MQ3",
    "MQ5",
    "MQ6",
    "MQ7",
    "MQ8",
    "MQ135"
  ]
}